Code Domaine;Code zone (M49);Zone;Code année;Année;Unité;Valeur
OA;4;Afghanistan;2016;2016;1000 personnes;34636.207
OA;4;Afghanistan;2019;2019;1000 personnes;37769.499
OA;710;Afrique du Sud;2016;2016;1000 personnes;56422.274
OA;710;Afrique du Sud;2019;2019;1000 personnes;58087.055
OA;8;Albanie;2016;2016;1000 personnes;2881.063
OA;8;Albanie;2019;2019;1000 personnes;2873.883
OA;12;Algérie;2016;2016;1000 personnes;40339.329
OA;12;Algérie;2019;2019;1000 personnes;42705.368
OA;276;Allemagne;2016;2016;1000 personnes;82331.423
OA;276;Allemagne;2019;2019;1000 personnes;83148.141
OA;20;Andorre;2016;2016;1000 personnes;72.54
OA;20;Andorre;2019;2019;1000 personnes;76.343
OA;24;Angola;2016;2016;1000 personnes;29154.746
OA;24;Angola;2019;2019;1000 personnes;32353.588
OA;660;Anguilla;2016;2016;1000 personnes;14.813
OA;660;Anguilla;2019;2019;1000 personnes;15.38
OA;28;Antigua-et-Barbuda;2016;2016;1000 personnes;90.564
OA;28;Antigua-et-Barbuda;2019;2019;1000 personnes;92.117
OA;682;Arabie saoudite;2016;2016;1000 personnes;33416.27
OA;682;Arabie saoudite;2019;2019;1000 personnes;35827.362
OA;32;Argentine;2016;2016;1000 personnes;43668.241
OA;32;Argentine;2019;2019;1000 personnes;44745.52
OA;51;Arménie;2016;2016;1000 personnes;2865.835
OA;51;Arménie;2019;2019;1000 personnes;2820.602
OA;533;Aruba;2016;2016;1000 personnes;104.874
OA;533;Aruba;2019;2019;1000 personnes;106.442
OA;36;Australie;2016;2016;1000 personnes;24195.701
OA;36;Australie;2019;2019;1000 personnes;25357.17
OA;40;Autriche;2016;2016;1000 personnes;8736.487
OA;40;Autriche;2019;2019;1000 personnes;8879.94
OA;31;Azerbaïdjan;2016;2016;1000 personnes;9976.248
OA;31;Azerbaïdjan;2019;2019;1000 personnes;10232.753
OA;44;Bahamas;2016;2016;1000 personnes;395.976
OA;44;Bahamas;2019;2019;1000 personnes;404.557
OA;48;Bahreïn;2016;2016;1000 personnes;1409.661
OA;48;Bahreïn;2019;2019;1000 personnes;1494.188
OA;50;Bangladesh;2016;2016;1000 personnes;159784.568
OA;50;Bangladesh;2019;2019;1000 personnes;165516.222
OA;52;Barbade;2016;2016;1000 personnes;278.649
OA;52;Barbade;2019;2019;1000 personnes;280.18
OA;112;Bélarus;2016;2016;1000 personnes;9708.11
OA;112;Bélarus;2019;2019;1000 personnes;9673.971
OA;56;Belgique;2016;2016;1000 personnes;11316.836
OA;56;Belgique;2019;2019;1000 personnes;11510.568
OA;84;Belize;2016;2016;1000 personnes;367.313
OA;84;Belize;2019;2019;1000 personnes;389.095
OA;204;Bénin;2016;2016;1000 personnes;11260.085
OA;204;Bénin;2019;2019;1000 personnes;12290.444
OA;60;Bermudes;2016;2016;1000 personnes;63.068
OA;60;Bermudes;2019;2019;1000 personnes;63.812
OA;64;Bhoutan;2016;2016;1000 personnes;749.761
OA;64;Bhoutan;2019;2019;1000 personnes;767.459
OA;68;Bolivie;2016;2016;1000 personnes;11263.015
OA;68;Bolivie;2019;2019;1000 personnes;11777.315
OA;535;Bonaire Saint-Eustache et Saba;2016;2016;1000 personnes;23.77
OA;535;Bonaire Saint-Eustache et Saba;2019;2019;1000 personnes;25.57
OA;70;Bosnie-Herzégovine;2016;2016;1000 personnes;3480.986
OA;70;Bosnie-Herzégovine;2019;2019;1000 personnes;3360.711
OA;72;Botswana;2016;2016;1000 personnes;2352.416
OA;72;Botswana;2019;2019;1000 personnes;2499.702
OA;76;Brésil;2016;2016;1000 personnes;206859.578
OA;76;Brésil;2019;2019;1000 personnes;211782.878
OA;96;Brunéi Darussalam;2016;2016;1000 personnes;425.994
OA;96;Brunéi Darussalam;2019;2019;1000 personnes;438.048
OA;100;Bulgarie;2016;2016;1000 personnes;7245.975
OA;100;Bulgarie;2019;2019;1000 personnes;7052.532
OA;854;Burkina Faso;2016;2016;1000 personnes;19275.498
OA;854;Burkina Faso;2019;2019;1000 personnes;20951.639
OA;108;Burundi;2016;2016;1000 personnes;10903.327
OA;108;Burundi;2019;2019;1000 personnes;11874.838
OA;132;Cabo Verde;2016;2016;1000 personnes;558.394
OA;132;Cabo Verde;2019;2019;1000 personnes;577.03
OA;116;Cambodge;2016;2016;1000 personnes;15624.584
OA;116;Cambodge;2019;2019;1000 personnes;16207.746
OA;120;Cameroun;2016;2016;1000 personnes;23711.63
OA;120;Cameroun;2019;2019;1000 personnes;25782.341
OA;124;Canada;2016;2016;1000 personnes;36113.532
OA;124;Canada;2019;2019;1000 personnes;37522.584
OA;152;Chili;2016;2016;1000 personnes;18083.879
OA;152;Chili;2019;2019;1000 personnes;19039.485
OA;159;Chine;2016;2016;1000 personnes;1433546.767
OA;159;Chine;2019;2019;1000 personnes;1453801.543
OA;344;Chine - RAS de Hong-Kong;2016;2016;1000 personnes;7435.927
OA;344;Chine - RAS de Hong-Kong;2019;2019;1000 personnes;7496.122
OA;446;Chine - RAS de Macao;2016;2016;1000 personnes;626.688
OA;446;Chine - RAS de Macao;2019;2019;1000 personnes;663.653
OA;156;Chine, continentale;2016;2016;1000 personnes;1401889.681
OA;156;Chine, continentale;2019;2019;1000 personnes;1421864.031
OA;158;Chine, Taiwan Province de;2016;2016;1000 personnes;23594.471
OA;158;Chine, Taiwan Province de;2019;2019;1000 personnes;23777.737
OA;196;Chypre;2016;2016;1000 personnes;1197.881
OA;196;Chypre;2019;2019;1000 personnes;1228.836
OA;170;Colombie;2016;2016;1000 personnes;47625.955
OA;170;Colombie;2019;2019;1000 personnes;50187.406
OA;174;Comores;2016;2016;1000 personnes;746.232
OA;174;Comores;2019;2019;1000 personnes;790.986
OA;178;Congo;2016;2016;1000 personnes;5186.824
OA;178;Congo;2019;2019;1000 personnes;5570.733
OA;188;Costa Rica;2016;2016;1000 personnes;4945.205
OA;188;Costa Rica;2019;2019;1000 personnes;5084.532
OA;384;Côte d'Ivoire;2016;2016;1000 personnes;24213.622
OA;384;Côte d'Ivoire;2019;2019;1000 personnes;26147.551
OA;191;Croatie;2016;2016;1000 personnes;4223.751
OA;191;Croatie;2019;2019;1000 personnes;4129.752
OA;192;Cuba;2016;2016;1000 personnes;11342.012
OA;192;Cuba;2019;2019;1000 personnes;11316.697
OA;531;Curaçao;2016;2016;1000 personnes;170.739
OA;531;Curaçao;2019;2019;1000 personnes;193.107
OA;208;Danemark;2016;2016;1000 personnes;5706.857
OA;208;Danemark;2019;2019;1000 personnes;5795.878
OA;262;Djibouti;2016;2016;1000 personnes;1023.261
OA;262;Djibouti;2019;2019;1000 personnes;1073.994
OA;212;Dominique;2016;2016;1000 personnes;70.075
OA;212;Dominique;2019;2019;1000 personnes;71.428
OA;818;Égypte;2016;2016;1000 personnes;99784.03
OA;818;Égypte;2019;2019;1000 personnes;105618.671
OA;222;El Salvador;2016;2016;1000 personnes;6250.51
OA;222;El Salvador;2019;2019;1000 personnes;6280.217
OA;784;Émirats arabes unis;2016;2016;1000 personnes;8994.263
OA;784;Émirats arabes unis;2019;2019;1000 personnes;9211.657
OA;218;Équateur;2016;2016;1000 personnes;16439.585
OA;218;Équateur;2019;2019;1000 personnes;17343.74
OA;232;Érythrée;2016;2016;1000 personnes;3365.287
OA;232;Érythrée;2019;2019;1000 personnes;3498.818
OA;724;Espagne;2016;2016;1000 personnes;46473.315
OA;724;Espagne;2019;2019;1000 personnes;47131.372
OA;233;Estonie;2016;2016;1000 personnes;1315.926
OA;233;Estonie;2019;2019;1000 personnes;1327.039
OA;748;Eswatini;2016;2016;1000 personnes;1142.524
OA;748;Eswatini;2019;2019;1000 personnes;1169.613
OA;840;États-Unis d'Amérique;2016;2016;1000 personnes;327210.198
OA;840;États-Unis d'Amérique;2019;2019;1000 personnes;334319.671
OA;231;Éthiopie;2016;2016;1000 personnes;105293.228
OA;231;Éthiopie;2019;2019;1000 personnes;114120.594
OA;643;Fédération de Russie;2016;2016;1000 personnes;145109.157
OA;643;Fédération de Russie;2019;2019;1000 personnes;145742.286
OA;242;Fidji;2016;2016;1000 personnes;918.371
OA;242;Fidji;2019;2019;1000 personnes;918.465
OA;246;Finlande;2016;2016;1000 personnes;5495.219
OA;246;Finlande;2019;2019;1000 personnes;5521.537
OA;250;France;2016;2016;1000 personnes;63989.319
OA;250;France;2019;2019;1000 personnes;64399.759
OA;266;Gabon;2016;2016;1000 personnes;2086.206
OA;266;Gabon;2019;2019;1000 personnes;2242.785
OA;270;Gambie;2016;2016;1000 personnes;2317.206
OA;270;Gambie;2019;2019;1000 personnes;2508.883
OA;268;Géorgie;2016;2016;1000 personnes;3771.11
OA;268;Géorgie;2019;2019;1000 personnes;3770.811
OA;288;Ghana;2016;2016;1000 personnes;29554.303
OA;288;Ghana;2019;2019;1000 personnes;31522.29
OA;292;Gibraltar;2016;2016;1000 personnes;32.565
OA;292;Gibraltar;2019;2019;1000 personnes;32.685
OA;300;Grèce;2016;2016;1000 personnes;10749.742
OA;300;Grèce;2019;2019;1000 personnes;10574.024
OA;308;Grenade;2016;2016;1000 personnes;119.966
OA;308;Grenade;2019;2019;1000 personnes;122.724
OA;304;Groenland;2016;2016;1000 personnes;55.916
OA;304;Groenland;2019;2019;1000 personnes;55.931
OA;312;Guadeloupe;2016;2016;1000 personnes;397.854
OA;312;Guadeloupe;2019;2019;1000 personnes;395.485
OA;316;Guam;2016;2016;1000 personnes;168.346
OA;316;Guam;2019;2019;1000 personnes;168.624
OA;320;Guatemala;2016;2016;1000 personnes;16291.004
OA;320;Guatemala;2019;2019;1000 personnes;17106.338
OA;324;Guinée;2016;2016;1000 personnes;11930.985
OA;324;Guinée;2019;2019;1000 personnes;12877.539
OA;226;Guinée équatoriale;2016;2016;1000 personnes;1398.927
OA;226;Guinée équatoriale;2019;2019;1000 personnes;1553.031
OA;624;Guinée-Bissau;2016;2016;1000 personnes;1834.552
OA;624;Guinée-Bissau;2019;2019;1000 personnes;1970.457
OA;328;Guyana;2016;2016;1000 personnes;759.087
OA;328;Guyana;2019;2019;1000 personnes;798.753
OA;254;Guyane française;2016;2016;1000 personnes;262.813
OA;254;Guyane française;2019;2019;1000 personnes;284.072
OA;332;Haïti;2016;2016;1000 personnes;10713.849
OA;332;Haïti;2019;2019;1000 personnes;11160.438
OA;340;Honduras;2016;2016;1000 personnes;9460.798
OA;340;Honduras;2019;2019;1000 personnes;9958.829
OA;348;Hongrie;2016;2016;1000 personnes;9815.104
OA;348;Hongrie;2019;2019;1000 personnes;9771.796
OA;833;Île de Man;2016;2016;1000 personnes;83.45
OA;833;Île de Man;2019;2019;1000 personnes;83.933
OA;136;Îles Caïmanes;2016;2016;1000 personnes;62.255
OA;136;Îles Caïmanes;2019;2019;1000 personnes;66.134
OA;184;Îles Cook;2016;2016;1000 personnes;17.546
OA;184;Îles Cook;2019;2019;1000 personnes;17.11
OA;238;Îles Falkland (Malvinas);2016;2016;1000 personnes;3.508
OA;238;Îles Falkland (Malvinas);2019;2019;1000 personnes;3.71
OA;234;Îles Féroé;2016;2016;1000 personnes;49.5
OA;234;Îles Féroé;2019;2019;1000 personnes;51.681
OA;580;Îles Mariannes du Nord;2016;2016;1000 personnes;51.133
OA;580;Îles Mariannes du Nord;2019;2019;1000 personnes;49.858
OA;584;Îles Marshall;2016;2016;1000 personnes;48.329
OA;584;Îles Marshall;2019;2019;1000 personnes;44.728
OA;90;Îles Salomon;2016;2016;1000 personnes;628.102
OA;90;Îles Salomon;2019;2019;1000 personnes;674.993
OA;796;Îles Turques-et-Caïques;2016;2016;1000 personnes;38.246
OA;796;Îles Turques-et-Caïques;2019;2019;1000 personnes;43.08
OA;850;Îles Vierges américaines;2016;2016;1000 personnes;102.316
OA;850;Îles Vierges américaines;2019;2019;1000 personnes;100.826
OA;92;Îles Vierges britanniques;2016;2016;1000 personnes;29.739
OA;92;Îles Vierges britanniques;2019;2019;1000 personnes;30.61
OA;876;Îles Wallis-et-Futuna;2016;2016;1000 personnes;12.06
OA;876;Îles Wallis-et-Futuna;2019;2019;1000 personnes;11.714
OA;356;Inde;2016;2016;1000 personnes;1338636.34
OA;356;Inde;2019;2019;1000 personnes;1383112.05
OA;360;Indonésie;2016;2016;1000 personnes;261850.182
OA;360;Indonésie;2019;2019;1000 personnes;269582.878
OA;364;Iran (République islamique d');2016;2016;1000 personnes;83306.231
OA;364;Iran (République islamique d');2019;2019;1000 personnes;86564.202
OA;368;Iraq;2016;2016;1000 personnes;38697.943
OA;368;Iraq;2019;2019;1000 personnes;41563.52
OA;372;Irlande;2016;2016;1000 personnes;4715.788
OA;372;Irlande;2019;2019;1000 personnes;4896.019
OA;352;Islande;2016;2016;1000 personnes;335.675
OA;352;Islande;2019;2019;1000 personnes;360.774
OA;376;Israël;2016;2016;1000 personnes;8159.009
OA;376;Israël;2019;2019;1000 personnes;8607.919
OA;380;Italie;2016;2016;1000 personnes;60118.626
OA;380;Italie;2019;2019;1000 personnes;59727.932
OA;388;Jamaïque;2016;2016;1000 personnes;2802.695
OA;388;Jamaïque;2019;2019;1000 personnes;2813.773
OA;392;Japon;2016;2016;1000 personnes;126993.857
OA;392;Japon;2019;2019;1000 personnes;125791.677
OA;400;Jordanie;2016;2016;1000 personnes;9964.656
OA;400;Jordanie;2019;2019;1000 personnes;10698.683
OA;398;Kazakhstan;2016;2016;1000 personnes;18078.553
OA;398;Kazakhstan;2019;2019;1000 personnes;18754.258
OA;404;Kenya;2016;2016;1000 personnes;47894.67
OA;404;Kenya;2019;2019;1000 personnes;50951.45
OA;417;Kirghizistan;2016;2016;1000 personnes;6018.299
OA;417;Kirghizistan;2019;2019;1000 personnes;6323.643
OA;296;Kiribati;2016;2016;1000 personnes;118.513
OA;296;Kiribati;2019;2019;1000 personnes;124.241
OA;414;Koweït;2016;2016;1000 personnes;4048.085
OA;414;Koweït;2019;2019;1000 personnes;4441.1
OA;426;Lesotho;2016;2016;1000 personnes;2143.872
OA;426;Lesotho;2019;2019;1000 personnes;2225.702
OA;428;Lettonie;2016;2016;1000 personnes;1973.476
OA;428;Lettonie;2019;2019;1000 personnes;1916.555
OA;422;Liban;2016;2016;1000 personnes;6258.619
OA;422;Liban;2019;2019;1000 personnes;5781.907
OA;430;Libéria;2016;2016;1000 personnes;4706.097
OA;430;Libéria;2019;2019;1000 personnes;4985.289
OA;434;Libye;2016;2016;1000 personnes;6282.196
OA;434;Libye;2019;2019;1000 personnes;6569.088
OA;438;Liechtenstein;2016;2016;1000 personnes;37.609
OA;438;Liechtenstein;2019;2019;1000 personnes;38.482
OA;440;Lituanie;2016;2016;1000 personnes;2933.673
OA;440;Lituanie;2019;2019;1000 personnes;2849.083
OA;442;Luxembourg;2016;2016;1000 personnes;583.351
OA;442;Luxembourg;2019;2019;1000 personnes;619.973
OA;807;Macédoine du Nord;2016;2016;1000 personnes;2110.196
OA;807;Macédoine du Nord;2019;2019;1000 personnes;2114.176
OA;450;Madagascar;2016;2016;1000 personnes;25501.941
OA;450;Madagascar;2019;2019;1000 personnes;27533.134
OA;458;Malaisie;2016;2016;1000 personnes;31526.418
OA;458;Malaisie;2019;2019;1000 personnes;32804.02
OA;454;Malawi;2016;2016;1000 personnes;17405.624
OA;454;Malawi;2019;2019;1000 personnes;18867.337
OA;462;Maldives;2016;2016;1000 personnes;454.252
OA;462;Maldives;2019;2019;1000 personnes;504.508
OA;466;Mali;2016;2016;1000 personnes;18700.106
OA;466;Mali;2019;2019;1000 personnes;20567.424
OA;470;Malte;2016;2016;1000 personnes;467.705
OA;470;Malte;2019;2019;1000 personnes;503.635
OA;504;Maroc;2016;2016;1000 personnes;35107.264
OA;504;Maroc;2019;2019;1000 personnes;36304.408
OA;474;Martinique;2016;2016;1000 personnes;380.345
OA;474;Martinique;2019;2019;1000 personnes;372.245
OA;480;Maurice;2016;2016;1000 personnes;1293.911
OA;480;Maurice;2019;2019;1000 personnes;1296.279
OA;478;Mauritanie;2016;2016;1000 personnes;4051.89
OA;478;Mauritanie;2019;2019;1000 personnes;4383.849
OA;175;Mayotte;2016;2016;1000 personnes;260.283
OA;175;Mayotte;2019;2019;1000 personnes;294.489
OA;484;Mexique;2016;2016;1000 personnes;121519.221
OA;484;Mexique;2019;2019;1000 personnes;125085.311
OA;583;Micronésie (États fédérés de);2016;2016;1000 personnes;109.925
OA;583;Micronésie (États fédérés de);2019;2019;1000 personnes;111.379
OA;492;Monaco;2016;2016;1000 personnes;37.071
OA;492;Monaco;2019;2019;1000 personnes;37.034
OA;496;Mongolie;2016;2016;1000 personnes;3029.555
OA;496;Mongolie;2019;2019;1000 personnes;3232.43
OA;499;Monténégro;2016;2016;1000 personnes;633.264
OA;499;Monténégro;2019;2019;1000 personnes;630.396
OA;500;Montserrat;2016;2016;1000 personnes;5.085
OA;500;Montserrat;2019;2019;1000 personnes;4.505
OA;508;Mozambique;2016;2016;1000 personnes;27696.493
OA;508;Mozambique;2019;2019;1000 personnes;30285.595
OA;104;Myanmar;2016;2016;1000 personnes;51892.349
OA;104;Myanmar;2019;2019;1000 personnes;53040.212
OA;516;Namibie;2016;2016;1000 personnes;2323.352
OA;516;Namibie;2019;2019;1000 personnes;2446.644
OA;520;Nauru;2016;2016;1000 personnes;11.437
OA;520;Nauru;2019;2019;1000 personnes;12.132
OA;524;Népal;2016;2016;1000 personnes;27861.186
OA;524;Népal;2019;2019;1000 personnes;28832.496
OA;558;Nicaragua;2016;2016;1000 personnes;6389.235
OA;558;Nicaragua;2019;2019;1000 personnes;6663.924
OA;562;Niger;2016;2016;1000 personnes;20921.743
OA;562;Niger;2019;2019;1000 personnes;23443.393
OA;566;Nigéria;2016;2016;1000 personnes;188666.931
OA;566;Nigéria;2019;2019;1000 personnes;203304.492
OA;570;Nioué;2016;2016;1000 personnes;1.861
OA;570;Nioué;2019;2019;1000 personnes;1.921
OA;578;Norvège;2016;2016;1000 personnes;5236.59
OA;578;Norvège;2019;2019;1000 personnes;5348.279
OA;540;Nouvelle-Calédonie;2016;2016;1000 personnes;283.748
OA;540;Nouvelle-Calédonie;2019;2019;1000 personnes;285.374
OA;554;Nouvelle-Zélande;2016;2016;1000 personnes;4668.081
OA;554;Nouvelle-Zélande;2019;2019;1000 personnes;4959.034
OA;512;Oman;2016;2016;1000 personnes;4398.07
OA;512;Oman;2019;2019;1000 personnes;4602.768
OA;800;Ouganda;2016;2016;1000 personnes;38748.299
OA;800;Ouganda;2019;2019;1000 personnes;42949.08
OA;860;Ouzbékistan;2016;2016;1000 personnes;31453.574
OA;860;Ouzbékistan;2019;2019;1000 personnes;32976.948
OA;586;Pakistan;2016;2016;1000 personnes;213524.84
OA;586;Pakistan;2019;2019;1000 personnes;223293.28
OA;585;Palaos;2016;2016;1000 personnes;17.816
OA;585;Palaos;2019;2019;1000 personnes;17.916
OA;275;Palestine;2016;2016;1000 personnes;4593.848
OA;275;Palestine;2019;2019;1000 personnes;4909.775
OA;591;Panama;2016;2016;1000 personnes;4026.336
OA;591;Panama;2019;2019;1000 personnes;4232.532
OA;598;Papouasie-Nouvelle-Guinée;2016;2016;1000 personnes;8899.169
OA;598;Papouasie-Nouvelle-Guinée;2019;2019;1000 personnes;9542.486
OA;600;Paraguay;2016;2016;1000 personnes;6266.615
OA;600;Paraguay;2019;2019;1000 personnes;6530.026
OA;528;Pays-Bas (Royaume des);2016;2016;1000 personnes;17124.505
OA;528;Pays-Bas (Royaume des);2019;2019;1000 personnes;17363.262
OA;604;Pérou;2016;2016;1000 personnes;31132.779
OA;604;Pérou;2019;2019;1000 personnes;32824.861
OA;608;Philippines;2016;2016;1000 personnes;104875.266
OA;608;Philippines;2019;2019;1000 personnes;110380.804
OA;616;Pologne;2016;2016;1000 personnes;38532.113
OA;616;Pologne;2019;2019;1000 personnes;38493.601
OA;258;Polynésie française;2016;2016;1000 personnes;293.541
OA;258;Polynésie française;2019;2019;1000 personnes;299.717
OA;630;Porto Rico;2016;2016;1000 personnes;3432.74
OA;630;Porto Rico;2019;2019;1000 personnes;3292.887
OA;620;Portugal;2016;2016;1000 personnes;10332.753
OA;620;Portugal;2019;2019;1000 personnes;10289.923
OA;634;Qatar;2016;2016;1000 personnes;2595.166
OA;634;Qatar;2019;2019;1000 personnes;2807.235
OA;760;République arabe syrienne;2016;2016;1000 personnes;18964.252
OA;760;République arabe syrienne;2019;2019;1000 personnes;20098.251
OA;140;République centrafricaine;2016;2016;1000 personnes;4904.177
OA;140;République centrafricaine;2019;2019;1000 personnes;5209.324
OA;410;République de Corée;2016;2016;1000 personnes;51309.984
OA;410;République de Corée;2019;2019;1000 personnes;51803.829
OA;498;République de Moldova;2016;2016;1000 personnes;3225.123
OA;498;République de Moldova;2019;2019;1000 personnes;3109.491
OA;180;République démocratique du Congo;2016;2016;1000 personnes;81430.977
OA;180;République démocratique du Congo;2019;2019;1000 personnes;89906.89
OA;418;République démocratique populaire lao;2016;2016;1000 personnes;6891.363
OA;418;République démocratique populaire lao;2019;2019;1000 personnes;7212.053
OA;214;République dominicaine;2016;2016;1000 personnes;10527.592
OA;214;République dominicaine;2019;2019;1000 personnes;10881.882
OA;408;République populaire démocratique de Corée;2016;2016;1000 personnes;25389.611
OA;408;République populaire démocratique de Corée;2019;2019;1000 personnes;25755.441
OA;834;République-Unie de Tanzanie;2016;2016;1000 personnes;54401.802
OA;834;République-Unie de Tanzanie;2019;2019;1000 personnes;59872.579
OA;638;Réunion;2016;2016;1000 personnes;926.628
OA;638;Réunion;2019;2019;1000 personnes;949.419
OA;642;Roumanie;2016;2016;1000 personnes;19797.82
OA;642;Roumanie;2019;2019;1000 personnes;19524.211
OA;826;Royaume-Uni de Grande-Bretagne et d'Irlande du Nord;2016;2016;1000 personnes;65655.203
OA;826;Royaume-Uni de Grande-Bretagne et d'Irlande du Nord;2019;2019;1000 personnes;66778.659
OA;646;Rwanda;2016;2016;1000 personnes;11930.899
OA;646;Rwanda;2019;2019;1000 personnes;12835.028
OA;732;Sahara occidental;2016;2016;1000 personnes;505.455
OA;732;Sahara occidental;2019;2019;1000 personnes;544.876
OA;652;Saint-Barthélemy;2016;2016;1000 personnes;9.842
OA;652;Saint-Barthélemy;2019;2019;1000 personnes;10.48
OA;654;Sainte-Hélène, Ascension et Tristan da Cunha;2016;2016;1000 personnes;5.51
OA;654;Sainte-Hélène, Ascension et Tristan da Cunha;2019;2019;1000 personnes;5.447
OA;662;Sainte-Lucie;2016;2016;1000 personnes;176.413
OA;662;Sainte-Lucie;2019;2019;1000 personnes;178.583
OA;659;Saint-Kitts-et-Nevis;2016;2016;1000 personnes;47.788
OA;659;Saint-Kitts-et-Nevis;2019;2019;1000 personnes;47.712
OA;674;Saint-Marin;2016;2016;1000 personnes;33.834
OA;674;Saint-Marin;2019;2019;1000 personnes;34.178
OA;663;Saint-Martin (partie française);2016;2016;1000 personnes;34.811
OA;663;Saint-Martin (partie française);2019;2019;1000 personnes;33.121
OA;666;Saint-Pierre-et-Miquelon;2016;2016;1000 personnes;5.965
OA;666;Saint-Pierre-et-Miquelon;2019;2019;1000 personnes;5.925
OA;336;Saint-Siège;2016;2016;1000 personnes;0.556
OA;336;Saint-Siège;2019;2019;1000 personnes;0.528
OA;670;Saint-Vincent-et-les Grenadines;2016;2016;1000 personnes;105.963
OA;670;Saint-Vincent-et-les Grenadines;2019;2019;1000 personnes;104.924
OA;882;Samoa;2016;2016;1000 personnes;205.544
OA;882;Samoa;2019;2019;1000 personnes;211.905
OA;16;Samoa américaines;2016;2016;1000 personnes;50.448
OA;16;Samoa américaines;2019;2019;1000 personnes;47.321
OA;678;Sao Tomé-et-Principe;2016;2016;1000 personnes;204.632
OA;678;Sao Tomé-et-Principe;2019;2019;1000 personnes;214.599
OA;686;Sénégal;2016;2016;1000 personnes;14751.356
OA;686;Sénégal;2019;2019;1000 personnes;16000.781
OA;688;Serbie;2016;2016;1000 personnes;7493.288
OA;688;Serbie;2019;2019;1000 personnes;7401.056
OA;690;Seychelles;2016;2016;1000 personnes;100.508
OA;690;Seychelles;2019;2019;1000 personnes;104.373
OA;694;Sierra Leone;2016;2016;1000 personnes;7493.913
OA;694;Sierra Leone;2019;2019;1000 personnes;8046.828
OA;702;Singapour;2016;2016;1000 personnes;5711.933
OA;702;Singapour;2019;2019;1000 personnes;5866.405
OA;534;Sint Maarten (partie néerlandaise);2016;2016;1000 personnes;41.346
OA;534;Sint Maarten (partie néerlandaise);2019;2019;1000 personnes;42.98
OA;703;Slovaquie;2016;2016;1000 personnes;5431.203
OA;703;Slovaquie;2019;2019;1000 personnes;5453.924
OA;705;Slovénie;2016;2016;1000 personnes;2090.02
OA;705;Slovénie;2019;2019;1000 personnes;2112.901
OA;706;Somalie;2016;2016;1000 personnes;14292.847
OA;706;Somalie;2019;2019;1000 personnes;15981.3
OA;729;Soudan;2016;2016;1000 personnes;39377.169
OA;729;Soudan;2019;2019;1000 personnes;43232.093
OA;728;Soudan du Sud;2016;2016;1000 personnes;11066.105
OA;728;Soudan du Sud;2019;2019;1000 personnes;10447.666
OA;144;Sri Lanka;2016;2016;1000 personnes;21425.494
OA;144;Sri Lanka;2019;2019;1000 personnes;21649.664
OA;752;Suède;2016;2016;1000 personnes;9953.317
OA;752;Suède;2019;2019;1000 personnes;10267.922
OA;756;Suisse;2016;2016;1000 personnes;8372.898
OA;756;Suisse;2019;2019;1000 personnes;8575.588
OA;740;Suriname;2016;2016;1000 personnes;581.453
OA;740;Suriname;2019;2019;1000 personnes;600.301
OA;762;Tadjikistan;2016;2016;1000 personnes;8725.318
OA;762;Tadjikistan;2019;2019;1000 personnes;9337.003
OA;148;Tchad;2016;2016;1000 personnes;14592.585
OA;148;Tchad;2019;2019;1000 personnes;16126.866
OA;203;Tchéquie;2016;2016;1000 personnes;10527.591
OA;203;Tchéquie;2019;2019;1000 personnes;10536.871
OA;764;Thaïlande;2016;2016;1000 personnes;70607.037
OA;764;Thaïlande;2019;2019;1000 personnes;71307.763
OA;626;Timor-Leste;2016;2016;1000 personnes;1224.562
OA;626;Timor-Leste;2019;2019;1000 personnes;1280.438
OA;768;Togo;2016;2016;1000 personnes;7661.354
OA;768;Togo;2019;2019;1000 personnes;8243.094
OA;772;Tokélaou;2016;2016;1000 personnes;1.427
OA;772;Tokélaou;2019;2019;1000 personnes;1.752
OA;776;Tonga;2016;2016;1000 personnes;105.707
OA;776;Tonga;2019;2019;1000 personnes;104.951
OA;780;Trinité-et-Tobago;2016;2016;1000 personnes;1469.33
OA;780;Trinité-et-Tobago;2019;2019;1000 personnes;1519.955
OA;788;Tunisie;2016;2016;1000 personnes;11685.667
OA;788;Tunisie;2019;2019;1000 personnes;12049.314
OA;795;Turkménistan;2016;2016;1000 personnes;5868.561
OA;795;Turkménistan;2019;2019;1000 personnes;6158.42
OA;792;Turquie;2016;2016;1000 personnes;81019.394
OA;792;Turquie;2019;2019;1000 personnes;83481.684
OA;798;Tuvalu;2016;2016;1000 personnes;10.852
OA;798;Tuvalu;2019;2019;1000 personnes;10.956
OA;804;Ukraine;2016;2016;1000 personnes;44833.569
OA;804;Ukraine;2019;2019;1000 personnes;44211.094
OA;858;Uruguay;2016;2016;1000 personnes;3413.766
OA;858;Uruguay;2019;2019;1000 personnes;3428.409
OA;548;Vanuatu;2016;2016;1000 personnes;283.218
OA;548;Vanuatu;2019;2019;1000 personnes;304.404
OA;862;Venezuela (République bolivarienne du);2016;2016;1000 personnes;30741.464
OA;862;Venezuela (République bolivarienne du);2019;2019;1000 personnes;28971.683
OA;704;Viet Nam;2016;2016;1000 personnes;93126.529
OA;704;Viet Nam;2019;2019;1000 personnes;95776.716
OA;887;Yémen;2016;2016;1000 personnes;29274.002
OA;887;Yémen;2019;2019;1000 personnes;31546.691
OA;894;Zambie;2016;2016;1000 personnes;16767.761
OA;894;Zambie;2019;2019;1000 personnes;18380.477
OA;716;Zimbabwe;2016;2016;1000 personnes;14452.704
OA;716;Zimbabwe;2019;2019;1000 personnes;15354.608
